{
  "mode": "forward_backward",
  "device": "cuda:0",
  "model_size": "2.7b",
  "batch_size": 4,
  "context_length": 128,
  "warmup_steps": 5,
  "measure_steps": 10,
  "mean_seconds": 0.2423629909288138,
  "std_seconds": 0.00034945069173184586,
  "all_times_seconds": [
    0.2423378259409219,
    0.24214009498246014,
    0.24211742100305855,
    0.24246170511469245,
    0.2424278079997748,
    0.24189108307473361,
    0.24190938496030867,
    0.24253548006527126,
    0.243065495043993,
    0.24274361110292375
  ]
}
