{
  "mode": "forward",
  "device": "cuda:0",
  "model_size": "2.7b",
  "batch_size": 4,
  "context_length": 128,
  "warmup_steps": 5,
  "measure_steps": 10,
  "mean_seconds": 0.08014829703606666,
  "std_seconds": 0.00031761598575585047,
  "all_times_seconds": [
    0.08016642602160573,
    0.0801216191612184,
    0.07978842197917402,
    0.07972424500621855,
    0.07990039000287652,
    0.08014658815227449,
    0.08037136890925467,
    0.08035999909043312,
    0.08087502303533256,
    0.08002888900227845
  ]
}
