{
  "mode": "forward",
  "device": "cuda:0",
  "model_size": "large",
  "batch_size": 4,
  "context_length": 128,
  "warmup_steps": 5,
  "measure_steps": 10,
  "mean_seconds": 0.038714484544470906,
  "std_seconds": 0.00013074196999283524,
  "all_times_seconds": [
    0.03886058507487178,
    0.03871071105822921,
    0.03885174891911447,
    0.038771518971771,
    0.03872135514393449,
    0.03866973100230098,
    0.03880295995622873,
    0.038796570152044296,
    0.03846057807095349,
    0.03849908709526062
  ]
}
