{
  "mode": "forward_backward",
  "device": "cuda:0",
  "model_size": "large",
  "batch_size": 4,
  "context_length": 128,
  "warmup_steps": 5,
  "measure_steps": 10,
  "mean_seconds": 0.10567918040324002,
  "std_seconds": 0.00011203560693160592,
  "all_times_seconds": [
    0.10557822417467833,
    0.10564181883819401,
    0.10571648296900094,
    0.1059700078330934,
    0.105743597028777,
    0.10569349909201264,
    0.10557651403360069,
    0.10564897698350251,
    0.10564973601140082,
    0.10557294706813991
  ]
}
