{
  "mode": "forward_backward",
  "device": "cuda:0",
  "model_size": "medium",
  "batch_size": 4,
  "context_length": 128,
  "warmup_steps": 5,
  "measure_steps": 10,
  "mean_seconds": 0.061095139291137454,
  "std_seconds": 9.618295994022641e-05,
  "all_times_seconds": [
    0.06115811504423618,
    0.06103599397465587,
    0.06110491696745157,
    0.060976993991062045,
    0.061240093084052205,
    0.06123556010425091,
    0.061168323969468474,
    0.060966530814766884,
    0.06101656495593488,
    0.06104830000549555
  ]
}
