{
  "mode": "forward",
  "device": "cuda:0",
  "model_size": "medium",
  "batch_size": 4,
  "context_length": 128,
  "warmup_steps": 5,
  "measure_steps": 10,
  "mean_seconds": 0.025330032082274558,
  "std_seconds": 7.672447045952995e-05,
  "all_times_seconds": [
    0.025233230087906122,
    0.025363882072269917,
    0.025304981041699648,
    0.025261998875066638,
    0.025456889998167753,
    0.025357001926749945,
    0.02521488699130714,
    0.025427774991840124,
    0.02529940684325993,
    0.025380267994478345
  ]
}
