{
  "mode": "forward_backward",
  "device": "cuda:0",
  "model_size": "small",
  "batch_size": 4,
  "context_length": 128,
  "warmup_steps": 5,
  "measure_steps": 10,
  "mean_seconds": 0.03171179564669728,
  "std_seconds": 0.0006459719865964541,
  "all_times_seconds": [
    0.03127003088593483,
    0.03136741300113499,
    0.03150606178678572,
    0.0314304621424526,
    0.03163807303644717,
    0.031658693915233016,
    0.031475534895434976,
    0.033612953033298254,
    0.031688955845311284,
    0.03146977792493999
  ]
}
