{
  "mode": "forward",
  "device": "cuda:0",
  "model_size": "small",
  "batch_size": 4,
  "context_length": 128,
  "warmup_steps": 5,
  "measure_steps": 10,
  "mean_seconds": 0.013044189033098518,
  "std_seconds": 7.907937884319686e-05,
  "all_times_seconds": [
    0.013044605031609535,
    0.0129191679880023,
    0.013099492061883211,
    0.013140500988811255,
    0.013111889129504561,
    0.012921656016260386,
    0.013105766149237752,
    0.012948164949193597,
    0.01307201897725463,
    0.013078629039227962
  ]
}
