{
  "mode": "forward_backward",
  "device": "cuda:0",
  "model_size": "xl",
  "batch_size": 4,
  "context_length": 128,
  "warmup_steps": 5,
  "measure_steps": 10,
  "mean_seconds": 0.17490772909950464,
  "std_seconds": 0.0004443586274365225,
  "all_times_seconds": [
    0.17481907596811652,
    0.17465749895200133,
    0.17618307005614042,
    0.1748663908801973,
    0.17454992001876235,
    0.17453637602739036,
    0.1748732840642333,
    0.17490354902110994,
    0.17482635891065001,
    0.17486176709644496
  ]
}
