{
  "mode": "forward",
  "device": "cuda:0",
  "model_size": "xl",
  "batch_size": 4,
  "context_length": 128,
  "warmup_steps": 5,
  "measure_steps": 10,
  "mean_seconds": 0.058520534774288535,
  "std_seconds": 0.0001255762045271517,
  "all_times_seconds": [
    0.05857520387507975,
    0.05848487187176943,
    0.05844244500622153,
    0.05852815695106983,
    0.058450509095564485,
    0.05848597898148,
    0.0588761989492923,
    0.05842810496687889,
    0.05848097801208496,
    0.058452900033444166
  ]
}
